John,513418228
James,224903381
George,204798992
Thomas,183665180
Charles,170772173
Robert,170372789
Bill,167992691
Smith,153573477
David,136951785
Richard,115531701
Peter,98543436
Edward,97270793
Brown,96835944
Louis,96214917
Johnson,94184466
Jones,76670879
Michael,76545897
Martin,74262178
Frank,69894061
Francisco,69000577
Williams,68502019
Elizabeth,61881810
Mark,60179990
Van,59842234
Miller,59242995
Taylor,58054768
Prince,58010545
Alexander,56918321
Davis,56710219
Scott,56040825
Jackson,55936667
Jack,55852190
Lewis,55029292
Walter,51650784
Clark,50037505
Tom,48504564
Duke,48503074
Lawrence,48184188
Harry,44712329
Philip,43589437
Hamilton,40415403
Thompson,40091058
Stephen,38396620
Russell,37876983
Douglas,37554150
Wright,36169395
Sam,35600734
Don,35318922
Marshall,34968957
Harris,34393627
Morgan,34288556
Walker,34170036
Adam,33917831
Joe,33805308
Anne,33484558
Jane,33468830
Robinson,32742527
Simon,32640927
Morris,32062620
Matthew,31439178
Kennedy,31135628
Emperor,30922610
Jim,30776634
Ben,30519782
Luke,30276464
Warren,29918249
Gray,29839206
Benjamin,29393367
Moses,28298895
Carter,27902514
Donald,27584923
Norman,27472362
Max,26004608
Cooper,25953034
Roger,25922157
Austin,25726552
Anna,25543629
Gross,25394184
Jordan,25020455
Helen,24815275
Alice,24767821
Roy,24718177
Patrick,24582089
Turner,24535583
Ralph,24414943
Arnold,23394386
Diego,23348032
Phillips,23125272
Count,23031289
Bruce,22918485
Nicholas,22208060
Oliver,22186272
Bernard,21368803
Kelly,21184495
Gilbert,20448801
Antonio,20405781
Said,20120640
Mike,20011792
Stuart,19982758
Shaw,19687730
Dan,19491098
Reynolds,19308073
Charlotte,19005529
Leonard,18489472
Harvey,18388815
Porter,18335215
Raymond,18250679
Spencer,18074820
Pierre,17558549
Dick,16815707
Sherman,16661888
Singh,16497154
Hart,16386994
Vincent,16300923
Eric,16054444
Charlie,15978972
Ryan,15970594
Lucy,15866153
Leo,15805431
Kim,15663656
Jun,15563516
Steve,15471233
Tony,15179424
Princess,15169205
Barry,15135563
Wagner,14991610
Khan,14604942
Chris,14240402
Edmund,14146953
Emily,14141331
Emma,14100092
Baldwin,13878251
Bradley,13341598
Maurice,13339401
Jay,12927251
Louise,12496766
Jerry,12474191
Guy,12263605
Gerald,12235898
Hannah,11944898
Troy,11677913
Robin,11528174
Logan,11460821
Webb,11412275
Jimmy,11323525
McDonald,11296073
Julian,11295402
Hardy,11291549
Carol,11285538
Prussia,11276515
Ian,11108270
Pearson,11033147
Myers,10944631
Gabriel,10932913
Otto,10918835
Johnny,10904815
Blair,10864274
Steven,10808472
Clarence,10722986
Dale,10661974
Betty,10627851
Julius,10424807
Sally,10379121
Malcolm,10310514
Jason,10168434
Karen,10083925
Jesse,10052460
Locke,9847043
Kevin,9780791
Sultan,9504942
Willis,9465678
Cecil,9237501
Sandy,9172487
Percy,9132483
Barrett,8996482
Lisa,8983554
Ted,8893875
Lang,8817210
Diana,8790974
Rhodes,8789480
Morse,8732249
Jeffrey,8660839
Saul,8644812
Judah,8618766
Lin,8378646
Katherine,8344936
Hansen,8270011
Carlo,8224897
Abbott,8175336
Noah,8173847
Watts,8130238
Tommy,8119808
Ferdinand,8029616
Wade,7993803
Helena,7934026
Elder,7888912
Han,7705787
Nash,7503291
Whitman,7482747
Hugo,7474784
Allah,7405749
Garcia,7370435
Mackenzie,7370239
Mead,7336759
Fitzgerald,7310546
Jon,7246733
Evelyn,7218373
Abu,7199987
Barber,6998430
Ernst,6990897
Jennifer,6960795
Rockefeller,6947813
Goodman,6940824
Franz,6806835
Quinn,6802414
Trent,6617794
Rick,6539250
Ashley,6515573
Monica,6475784
Judy,6065734
Sophia,6008738
Kane,5986599
Ram,5911280
Koch,5900135
Seth,5857850
Meredith,5746540
Vera,5669581
Harrington,5650884
Abel,5556520
Sheldon,5419101
Daniels,5354006
Sen,5332395
Raphael,5319446
Tate,5316084
Brandon,5275142
Jessica,5231981
Chan,5199957
Leopold,5153463
Bruno,5153177
Dev,5118380
Constance,5077080
Empress,5021796
Rutherford,4988570
Krishna,4945286
Ethel,4909520
Forrest,4852375
Lorraine,4847398
Christie,4823680
Goldman,4821477
Rosenberg,4761453
Kirby,4742747
Travis,4636417
Ahmed,4576345
Rod,4568648
Carrie,4542401
Gupta,4520034
Jonas,4476018
Mario,4429347
Yuan,4375948
Kumar,4324107
Jackie,4305954
Ramsay,4277444
Reeves,4254860
Evan,4250267
Carmen,4226297
Chad,4195487
Bavaria,4118571
Brad,4102271
Medina,3964059
Lois,3945471
Tang,3932427
Leonardo,3931586
Cyril,3891669
Nicolas,3877227
Lance,3837958
Dylan,3832109
Fay,3828995
Dora,3753481
Steiner,3737458
Kai,3709723
Franks,3678445
Meg,3675937
Sachs,3636023
Richter,3631145
Abby,3604764
Wendell,3572382
Bonnie,3569040
Melissa,3549312
Dexter,3546277
Gibbons,3546055
Andreas,3536551
Erik,3536131
Savoy,3528794
Lehman,3511944
Dane,3505677
Zhou,3458643
Santos,3406315
Enoch,3363517
Matilda,3327545
Gamble,3313960
Burgundy,3288823
Olsen,3168137
Haas,3158047
Gus,3150864
Sharma,3123420
Medici,3122748
Ibrahim,3121110
Lockwood,3102334
Tristan,3037627
Brittany,3029905
Raj,3023089
Erin,3013109
Pam,2989266
Leroy,2980609
Sylvester,2941769
Russo,2938209
Abrams,2936758
Suzuki,2927953
Hobbs,2925982
Quentin,2856295
Sweeney,2846253
Ellie,2814921
Bridget,2804927
Rosie,2781560
Lyle,2775262
Gomez,2718652
Lai,2714992
Granger,2642881
Henley,2641430
Willy,2603084
Mona,2601929
Hodgkin,2585361
Liam,2556334
Grimes,2551423
Murdoch,2538746
Hesse,2500541
Rothschild,2482083
Frankie,2474694
Loeb,2394378
Grayson,2378742
Sherry,2311854
Vanessa,2248581
Milo,2232102
Ronnie,2131344
Mariana,2082659
Siegfried,2074736
Shih,2063136
Giuseppe,2045408
Bateman,2023035
Reddy,1984090
Indra,1975921
Chavez,1975455
Lancelot,1959456
Katrina,1947452
Cassandra,1944261
Weinstein,1942261
Maguire,1941769
Kang,1884758
Oppenheimer,1871068
Chow,1869145
Shin,1860597
Overton,1839929
Morales,1830227
Procter,1774722
Nana,1768131
Robb,1755125
Dreyfus,1746772
Zack,1690942
Luca,1665383
Clint,1663748
Ante,1660536
Higgs,1648325
Wanda,1623306
Qin,1606302
Orville,1584301
Dyson,1552764
Alford,1547795
Mehta,1536825
Faye,1529417
Freddy,1507074
Chun,1488164
Ren,1471004
Krueger,1450372
Thelma,1430757
Tanya,1415421
Greta,1408289
Petra,1404679
Hanks,1379486
Igor,1359465
Martini,1351243
Severus,1300244
Sabrina,1291286
Ally,1280803
Scarlett,1261023
Hereditary,1259051
Margarita,1248341
Wessex,1242011
Woo,1214003
Babu,1206838
Tokugawa,1165362
Tammy,1145379
Osman,1139356
Rhea,1110510
Benoit,1095675
Algernon,1069986
Jana,1020117
Guillermo,1002904
Damian,999689
Mahdi,983703
Mani,967419
Erika,960247
Silvia,954895
Mubarak,906964
Annabelle,890639
Xia,879926
Kamal,842709
Anastasia,838316
Turpin,834586
Akira,834366
Zara,821075
Moriarty,816366
Vito,806597
Stu,778036
Matteo,769292
Saud,764434
Vincenzo,761441
Cabrera,754892
Alexa,749533
Pepe,716647
Bram,691407
Ishikawa,690684
Mercia,671377
Acharya,667932
Salman,641797
Cunha,640112
Pandey,622303
Guan,611165
Khalifa,588099
Paola,579413
Bly,552865
Donnie,535368
Riva,533627
Ganesh,531533
Vijay,530937
Leclerc,525240
Dario,522107
Pahlavi,518048
Dwayne,516060
Menendez,510645
Hohenzollern,496570
Genovese,485742
Kapoor,482093
Milgram,466235
Brontë,464805
Kuznetsov,456408
Uriel,442876
Scruggs,442826
Shams,436068
Romanov,420467
Rona,408585
Lorena,403350
Hensel,401105
Lafferty,396619
Coen,391401
Qutb,385977
Campanella,378839
Haim,378776
Tonya,372486
Kamala,362326
Saraswati,357586
Vikram,354021
Maarten,352802
Gayatri,349543
Narendra,344418
Maillard,343159
Chiara,339244
Badr,321828
Dior,307896
Gucci,288859
Ferrero,287189
Maurya,268644
Mahesh,268047
Shyam,261353
Ettore,249785
Guillen,240355
Niro,232813
Foxx,231679
Elden,220026
Kailash,212513
Uzi,212368
Makarov,212305
Hajime,200815
Soga,179408
Stallone,176175
Sebastián,170756
Gambino,168030
Villarreal,166177
Rasmus,161176
Iskander,157838
Clea,151050
Yoda,149372
Jojo,145787
Makar,139134
Amélie,138289
Inna,125255
Yoshimoto,124958
Barthélemy,118308
Bagration,117363
Kapil,103518
Amini,92676
Darko,89532
Fujio,75253
Neeson,73810
Fester,70100
Niti,61659
Ranbir,59830
Aamir,55723
Akshay,51789
Köppen,50507
Kardashian,41380
Sonu,41238
Kartikeya,36038
Klebold,33938
Shahrukh,32603
Goryeo,32321
Suriya,27323
Fujiko,23062
Seiya,19348
Ajith,17834
Kornet,15569
Fritzl,14559
Miku,12628
Dyatlov,9177
Tsubasa,7526
Dhanush,7355
Hōjō,6636
Gangubai,4965
Ertuğrul,3589
Kotarō,334
